,N,P,K,temperature,humidity,ph,rainfall,label
900,2,24,38,24.55981624,91.63536236,5.922935513,111.9684622,pomegranate
901,6,18,37,19.65690085,89.93701023,5.937649577999999,108.0458926,pomegranate
902,8,26,36,18.78359608,87.4024767,6.804781106,102.5184759,pomegranate
903,37,18,39,24.1469628,94.5110662,6.424670614,110.2316633,pomegranate
904,0,27,38,22.44581266,89.90147027,6.7380162210000005,109.3905998,pomegranate
905,31,25,38,24.96273236,92.40501423,6.4973666770000005,109.4169192,pomegranate
906,21,21,38,22.5526059,89.32594859999998,6.327673765,104.8955643,pomegranate
907,6,30,40,22.77035608,91.45498527,6.36137446,106.9659201,pomegranate
908,25,27,41,19.20090378,94.27659596,6.9235093710000015,108.0423555,pomegranate
909,15,11,38,23.12808226,92.68328358,6.630646082999999,109.3930157,pomegranate
910,14,5,36,24.92639065,85.19098079,5.832525853,104.7693804,pomegranate
911,16,10,41,24.77464458,85.63608688,6.738993954,105.7595811,pomegranate
912,36,7,37,19.8671184,86.35590206,5.782435567,108.3168858,pomegranate
913,4,20,41,24.26601316,93.7974061,6.537042717,104.5375109,pomegranate
914,29,22,40,23.62600218,89.73266695,6.145104401,107.6836871,pomegranate
915,16,15,42,19.67832052,89.08935702,6.890784045,108.5468633,pomegranate
916,18,27,41,22.36509395,92.30882391,7.175344328,104.8216333,pomegranate
917,11,18,42,21.57936934,94.88267728,5.938528744,102.8593382,pomegranate
918,5,15,38,18.26233221,88.16779129,5.709380472,108.0756727,pomegranate
919,18,23,44,23.71028128,89.61794165,6.184400085,105.64999070000002,pomegranate
920,9,8,40,22.48720144,89.9224883,6.553509673,111.6631582,pomegranate
921,40,27,45,21.66024980000001,94.79397419,5.885638185,112.4349689,pomegranate
922,22,23,44,20.13037175,89.31505137,6.1438746910000015,107.3416913,pomegranate
923,9,16,39,18.41164435,91.11927248,6.101198974,105.1834976,pomegranate
924,12,29,40,19.68291173,89.75272999,6.594037135,111.2818551,pomegranate
925,0,17,42,23.20242586,91.19442671,6.8598408210000015,109.0946323,pomegranate
926,2,21,44,18.92157197,87.31290342,6.56893406,102.8013275,pomegranate
927,28,6,40,22.10621387,91.34039616,6.769855664,106.8704803,pomegranate
928,8,23,44,18.47412402,89.68919664,7.130837931,108.4758509,pomegranate
929,29,16,36,19.81069447,88.92944254,5.7403380020000006,102.860084,pomegranate
930,17,18,43,24.4880844,90.83687246,5.843005428,103.1969341,pomegranate
931,34,21,42,18.75927679,89.93457597,6.648687273999999,111.0196744,pomegranate
932,21,23,42,19.54128063,90.29751796,6.902751061,104.3739878,pomegranate
933,25,17,40,18.91251245,87.74938524,6.608023872,111.28005159999998,pomegranate
934,8,25,36,19.91330523,94.95031368,6.828522375,104.0277061,pomegranate
935,26,18,42,19.72620525,89.64934166,6.910374919,108.22872759999998,pomegranate
936,4,19,42,23.83185873,87.84034604,6.306605528,111.2232716,pomegranate
937,36,24,41,24.94467632,94.25702672,7.009180374,103.8799347,pomegranate
938,5,24,40,24.692258,93.87030088,6.297907578999999,104.6735454,pomegranate
939,19,17,39,24.72485577,85.56083187,6.728599215,111.2787584,pomegranate
940,39,30,38,20.12644921,87.59629625,6.965156737999999,108.065579,pomegranate
941,5,29,44,21.02432943,93.0569505,5.578095745,104.7847006,pomegranate
942,4,24,43,22.40423537,88.1508343,7.199504273,109.8695196,pomegranate
943,38,21,35,20.33691147,89.38003827,5.841367187,110.9653137,pomegranate
944,37,11,36,24.24779615,85.56033312,6.710143266,106.9216033,pomegranate
945,9,25,41,24.81530144,91.90842992,5.972714857000001,109.2853418,pomegranate
946,29,22,43,19.66329768,87.95158129,5.561851831,106.0380805,pomegranate
947,5,21,38,22.43377991,90.3396556,6.107054807999999,112.459697,pomegranate
948,22,26,38,22.92052307,85.12912161,6.988035315,110.2437841,pomegranate
949,4,18,37,22.91843172,85.40695044,7.13147457,106.2817706,pomegranate
950,21,6,41,24.88244467,89.39686219,7.086947687,107.1951707,pomegranate
951,29,21,45,23.40981539,93.13277,6.749260456,105.2240743,pomegranate
952,23,5,44,21.20725375,94.26304717,7.16300467,107.5660804,pomegranate
953,13,7,43,18.20230419,91.12282162,7.013481515,109.66239740000002,pomegranate
954,5,13,37,22.34375696,89.7870345,5.648243648999999,103.3183074,pomegranate
955,27,24,41,24.32770134,90.88292835,6.610251186,110.4606459,pomegranate
956,7,23,35,19.75088482,88.71691157,7.054313822999999,102.5538035,pomegranate
957,12,20,39,19.86173586,86.19740917,6.026999326,111.0217929,pomegranate
958,4,19,43,18.07132963,93.14554876,5.7794274020000005,106.3602023,pomegranate
959,3,9,45,23.89162561,89.61850203,6.535244251,104.617522,pomegranate
960,1,27,36,23.98598756,93.34236582,5.684995235,104.991282,pomegranate
961,23,30,44,20.93892916,85.42912869,6.12476108,103.0295938,pomegranate
962,24,21,42,20.82210727,87.22815682,6.999014379,109.4429934,pomegranate
963,13,30,37,20.86474944,91.61793636,6.277148771,106.8685636,pomegranate
964,40,11,44,24.45840036,86.10874614,6.322396027000001,111.3779693,pomegranate
965,21,9,40,24.51147697,90.64498715,5.956401828,105.6209954,pomegranate
966,3,27,44,24.56811204,92.03009222,6.591302797000001,110.9633894,pomegranate
967,40,29,42,24.63228709,89.01574455,7.104094929,110.6956184,pomegranate
968,14,25,40,20.07386547,90.97819712,6.407872061,103.7084055,pomegranate
969,38,14,37,21.80523051,94.63612858,6.658402594,102.6488846,pomegranate
970,34,9,36,22.8122645,86.34233767,6.276038961,110.4432293,pomegranate
971,32,14,37,22.73031253,88.48567856,6.825256236,104.6843243,pomegranate
972,18,21,35,23.2801227,94.94330457,6.368560522,111.1382096,pomegranate
973,8,23,38,19.30106297,87.1775172,7.005410734,105.4766591,pomegranate
974,15,6,41,19.0087067,88.83768149,6.8973684770000006,108.6793978,pomegranate
975,0,5,36,24.35193812,90.88612388,6.152906502,105.529185,pomegranate
976,22,9,44,24.72235539,88.87651295,5.744361602000001,112.1926517,pomegranate
977,14,8,43,21.92513945,94.46485312,7.051654924,111.71620159999998,pomegranate
978,31,11,45,24.83954414,86.88738076,6.034612928,107.6435771,pomegranate
979,39,17,45,18.09691127,90.42177379,6.9244907310000015,104.88188999999998,pomegranate
980,10,5,42,20.24104904,91.08706822,6.887005997,109.2537734,pomegranate
981,8,28,38,23.22594,94.42971362,6.8444019,105.6917856,pomegranate
982,32,13,42,23.50128217,92.97527546,5.786058032000001,106.61905,pomegranate
983,18,9,40,19.44623085,89.02127045,5.627186257000001,106.1606833,pomegranate
984,20,27,41,20.51343484,92.51675903,5.700088663,110.5764023,pomegranate
985,39,25,36,18.90223032,94.99897537,5.567805185,107.6103211,pomegranate
986,20,7,45,18.90592319,89.24126808,6.077886012,112.4750941,pomegranate
987,11,10,45,22.63045168,88.45577158,6.397995609,109.0357597,pomegranate
988,40,18,43,19.38603815,86.79058496,5.767372539,109.91309840000002,pomegranate
989,3,26,39,24.38318965,91.19431555,7.079973241,103.6012114,pomegranate
990,9,16,36,23.77989026,92.93386903,5.893332377999999,106.977723,pomegranate
991,30,20,38,22.59890174,93.16343942,7.058222596,110.0932899,pomegranate
992,40,9,41,24.37766782,85.4017118,5.78270695,106.128338,pomegranate
993,40,30,35,20.89273273,91.07776977,6.269663962999999,104.4407083,pomegranate
994,32,25,35,18.09903225,85.70786282,5.892913826,107.0050976,pomegranate
995,33,23,45,20.00218987,85.83618191,7.116538883,112.337046,pomegranate
996,4,14,41,19.85139326,89.80732335,6.430163481,102.8186358,pomegranate
997,13,17,45,21.25433607,92.65058936,7.159520979,106.2784673,pomegranate
998,39,24,39,23.65374106,93.32657504,6.431265737,109.8076178,pomegranate
999,8,28,37,23.88404783,86.20613842,6.082571701,108.3121789,pomegranate
1100,2,40,27,29.73770045,47.54885174,5.954626604,90.09586854,mango
1101,39,24,31,33.55695561,53.72979826,4.757114897,98.67527561,mango
1102,21,26,27,27.00315545,47.67525434,5.6995869720000005,95.85118326,mango
1103,25,22,25,33.56150184,45.53556603,5.977413802999999,95.70525913,mango
1104,0,21,32,35.89855625,54.25964196,6.430139436,92.19721736,mango
1105,20,19,35,34.17719782,50.62161586,6.113935087000001,98.00687989,mango
1106,19,21,34,30.01592643,53.19212381,5.074272692,97.72843182,mango
1107,18,17,31,31.74592134,45.16127859,5.667507706,93.75441586,mango
1108,11,36,33,35.99009679,52.22780489,5.978634285,95.3713484,mango
1109,30,28,30,31.86641378,52.19331595,5.064613314,98.46768642,mango
1110,18,19,27,27.75518664,52.34605806,4.772385986000001,94.11213345,mango
1111,23,23,27,34.72413192,51.4271781,5.161148592,97.31258083,mango
1112,37,30,34,27.53907547,53.63549533,6.797779227,99.35408185,mango
1113,11,27,30,27.69637763,48.56224879999999,6.39474303,89.85646496,mango
1114,12,19,31,27.25373364,52.66319725,5.566704378,91.87312479,mango
1115,3,28,33,30.33723921,48.88704844,5.755049971,94.42850522,mango
1116,37,38,32,31.85744939,45.53106268,5.417340525,91.55845821,mango
1117,26,37,30,35.39986338,49.45962621,6.166173833999999,97.41054011,mango
1118,14,18,30,29.80747243,52.13797867,5.191265116,95.74606104,mango
1119,40,16,35,34.16438906,54.16482251,4.954739564,98.33351125,mango
1120,4,20,25,28.93270187,47.94053996,5.664587011,99.9834242,mango
1121,36,25,33,27.98392787,53.33018851,5.548584852,99.61465679,mango
1122,30,17,31,31.20478173,54.49960506,6.804437106,94.62954663,mango
1123,28,37,28,32.13409675,50.52559148,6.097869767000001,98.63333684,mango
1124,38,15,30,28.91862016,48.13974548,5.075504537,97.01331604,mango
1125,12,37,30,31.09779147,47.41196659,4.546466109,90.28624348,mango
1126,38,19,31,34.73823882,49.08864345,5.855119267999999,90.65022183,mango
1127,8,33,29,29.98080499,49.48613279,6.442393461,91.82271568,mango
1128,15,27,28,33.80398664,46.12866113,4.507523551,90.82549241,mango
1129,34,16,25,30.07202564,50.96040505,6.10729559,92.09609766,mango
1130,11,36,31,27.92063282,51.77965917,6.47544932,100.2585673,mango
1131,33,29,34,31.40948821,49.21729127,6.832979508999999,92.99739415,mango
1132,12,31,26,35.7877738,51.94190321,5.395275719,100.2160615,mango
1133,12,34,28,33.36140093,45.02236377,6.13526938,98.81596545,mango
1134,5,16,31,35.96054636,48.69677802,4.555688532,98.00644238,mango
1135,1,30,29,28.33333307,51.39586505,6.4341977560000005,91.67241761,mango
1136,16,35,31,32.27652024,50.19368841,5.316875978000001,95.99487068,mango
1137,35,18,26,31.99490489,50.84881347,5.279388967,97.38741498,mango
1138,4,40,26,27.58258929,48.56916221,6.720041791,95.8445641,mango
1139,9,29,34,29.38471637,45.88744691,5.72742254,100.8124659,mango
1140,2,38,33,32.38697531,53.2328243,4.691396195,90.21633216,mango
1141,26,32,32,30.91471455,49.92963856,6.810186079,90.14047759,mango
1142,34,38,31,35.37775595,45.58110023,6.454045329,97.41586402,mango
1143,5,32,33,32.32362177,52.58967710000001,5.842763773,93.36718816,mango
1144,31,29,26,28.22373428,47.40519056,5.024124683999999,97.76832322,mango
1145,34,34,35,27.27433181,47.16808054,6.422710539,95.257992,mango
1146,36,19,32,27.10710832,50.70880979,4.94295037,92.37238878,mango
1147,7,17,26,34.89226666,48.75613373,6.414526606,91.63074547,mango
1148,38,15,27,33.7462686,48.50387598,6.777788126,92.26439205,mango
1149,5,19,25,27.351105600000004,54.43945147,6.441328044,96.27792547,mango
1150,37,36,26,32.89300162,52.61323969,4.650536197,94.49161372,mango
1151,21,31,32,35.38598705,51.42664176,5.254532213,90.29643888,mango
1152,37,36,27,27.552973600000005,47.90859131,5.910634533,90.40332704,mango
1153,23,23,30,32.82141065,47.45553843,4.755273631000001,90.89173106,mango
1154,36,26,26,30.17294105,51.0845903,6.814630246,95.23444287,mango
1155,24,33,35,29.26382931,54.82257868,5.342866119,100.7586226,mango
1156,26,18,30,32.06097197,51.08494181,6.336234623999999,96.59816497,mango
1157,22,17,26,28.69818144,47.71875722,4.754435025,99.642454,mango
1158,11,34,32,29.14305008,49.40983294,6.831706773,97.55155537,mango
1159,29,35,28,28.347161100000005,53.53903102,6.9674177660000005,90.40260445,mango
1160,22,28,26,27.67256197,45.41692012,4.947683034,92.84991507,mango
1161,23,24,32,28.1218093,46.16888595,5.630619901,93.30247448,mango
1162,1,35,34,30.79375683,46.69536813,6.27339822,92.21318555,mango
1163,2,24,34,28.89409382,54.80750249,6.472774648,94.76322976,mango
1164,39,37,25,33.33024826,45.61143594,6.953246506,98.28583013,mango
1165,15,36,27,27.78912455,53.96886679,5.6437102160000014,91.01152997,mango
1166,3,18,31,31.65333432,48.20662669,6.392313972999999,91.09745581,mango
1167,8,38,32,29.75150773,46.73723302,4.981816523,91.405983,mango
1168,33,31,34,31.32995611,50.22287593,5.421265282999999,89.78216168,mango
1169,14,29,32,35.63627319,48.97047762,6.942520105,97.51952041,mango
1170,18,20,26,31.66524687,51.98594645,5.435840509,89.98024312,mango
1171,9,21,32,32.26935342,53.56092806,5.870116071,95.94035356,mango
1172,20,30,27,27.81005614,51.59445462,4.74910393,95.89898581,mango
1173,9,38,25,34.58561471,50.34035336,5.497946899,100.3060719,mango
1174,26,24,34,31.27180992,52.23810152,6.811291098,89.74409017,mango
1175,31,36,29,33.93679864,52.72170281,6.460542749,97.4611918,mango
1176,14,18,35,31.09154239,47.02058367,4.791146778,91.46664318,mango
1177,40,16,35,31.89356292,49.02450149,6.4841522000000005,89.59371481,mango
1178,28,27,34,32.45465292,50.69693751,6.526654345,95.04871605,mango
1179,0,17,30,35.47478322,47.97230503,6.279133738,97.79072474,mango
1180,1,29,29,27.32961444,49.30347234,6.052026047000001,93.53197359,mango
1181,2,36,31,30.90225239,49.95955487,5.73171945,91.77522598,mango
1182,12,27,26,29.09382275,45.5661059,5.32307197,96.23520043,mango
1183,7,28,35,30.02086169,46.78393776,4.66910839,96.63721027,mango
1184,0,36,26,34.13072188,51.25786185,5.101206389,96.38808001,mango
1185,26,35,31,33.44619894,53.05980465,5.339556562,98.05089394,mango
1186,27,21,30,35.3915464,52.48823147,5.061081874,91.22881052,mango
1187,22,38,31,31.53356352,53.06009323,5.8211060360000015,98.57025046,mango
1188,22,18,31,30.764551500000003,47.93791463,5.956027059,90.38503469,mango
1189,28,23,28,30.01821337,50.09831810000001,5.676032581,96.08745082,mango
1190,7,31,27,31.32863689,47.59319575,6.524114355,94.67344737,mango
1191,29,34,26,33.88004781,54.39416048,6.2739536760000005,89.29147581,mango
1192,8,37,33,28.07802689,54.9640534,6.128167757000001,97.45373619,mango
1193,39,16,27,35.53845018,52.94641947,4.934964765,91.54560427,mango
1194,40,24,25,28.70595247,50.44030129,5.445008416,95.8946444,mango
1195,19,38,26,31.48451729,48.77926304,4.525722333,93.17221967,mango
1196,21,21,30,27.69819273,51.41593238,5.403908327999999,100.7720705,mango
1197,22,18,33,30.41235793,52.48100602,6.621623545,93.92375879,mango
1198,31,20,30,32.17752026,54.01352682,6.207495815,91.88766069,mango
1199,18,26,31,32.611261400000004,47.74916499,5.418475257000001,91.10190759,mango
1300,119,25,51,26.47330219,80.92254421,6.283818329,53.65742581,watermelon
1301,119,19,55,25.18780042,83.44621709,6.818261382999999,46.87420883,watermelon
1302,105,30,50,25.29954705,81.77527562,6.37620108,57.04147057,watermelon
1303,114,8,50,24.74631269,88.30866319,6.581587932000001,57.95826144,watermelon
1304,93,22,52,26.58740671,81.32563243,6.932739726,41.87540028,watermelon
1305,80,26,55,24.53442564,88.989272,6.140099215,49.11618732,watermelon
1306,85,27,45,26.0713757,88.7285657,6.467095849,57.79652846,watermelon
1307,85,22,53,25.96534238,89.77076659,6.849471704,59.46338556,watermelon
1308,82,22,45,26.22338015,85.34866045,6.512196212,54.60159289,watermelon
1309,118,13,54,24.41311871,89.81574032,6.039584629,44.07843475,watermelon
1310,83,25,53,26.49195283,80.04678201,6.057697106,57.72799157,watermelon
1311,86,15,47,24.04355803,84.18406764,6.423898762,53.78929956,watermelon
1312,101,10,47,25.5421695,83.31883376,6.936997681,57.57343233,watermelon
1313,119,9,50,26.74550678,83.9195902,6.251286661,40.794305,watermelon
1314,104,17,46,25.7131428,80.22972777,6.190015912000001,43.08961827,watermelon
1315,95,12,51,25.76484262,84.17269959999999,6.681606702000001,44.22066914,watermelon
1316,102,14,52,26.79489868,89.64815231,6.51075991,57.74091817,watermelon
1317,109,21,55,24.9004602,89.73524177,6.770278088,57.44942094,watermelon
1318,81,18,50,26.80750629,88.22874955,6.429788072999999,58.79889057,watermelon
1319,103,17,51,25.11189154,80.02621335,6.209888345,44.20656987,watermelon
1320,105,14,50,26.2148837,87.68839820000002,6.419052193,59.65590798,watermelon
1321,97,8,52,24.9103226,86.97190046,6.237861736,49.48575692,watermelon
1322,120,19,49,25.79448878,84.26830701,6.762471628999998,56.45229202,watermelon
1323,95,16,55,25.26931156,87.55055105,6.612847999,40.12650421,watermelon
1324,83,29,52,25.76402693,87.5931128,6.704688865,46.05122728,watermelon
1325,83,9,45,25.85483596,89.13163965,6.049609892,46.85176955,watermelon
1326,91,21,50,24.33528185,81.44030363,6.762030215,48.32113628,watermelon
1327,116,5,54,25.37601283,80.99313508,6.65398725,57.23028471,watermelon
1328,112,28,54,24.86094646,85.05318563,6.738030547,55.29563514,watermelon
1329,88,29,51,24.71885473,88.94568335,6.095689937,48.45978627,watermelon
1330,118,15,45,24.21495706,84.20576992,6.538006356,48.01138482,watermelon
1331,92,21,48,25.81692236,82.043255,6.377427122,54.82963379,watermelon
1332,106,14,45,24.47018505,84.16390229,6.417011754,57.26773002,watermelon
1333,99,5,47,24.13078816,84.84494575,6.649086972,51.19470197,watermelon
1334,98,8,51,26.1793464,86.52258079,6.25933595,49.43050977,watermelon
1335,108,22,46,26.17668721,86.72952049999998,6.121168559,53.33484977,watermelon
1336,119,7,55,26.03867719,84.6378378,6.031424482,44.3993381,watermelon
1337,117,27,48,26.53259325,82.39053979,6.835268183999999,54.30660782,watermelon
1338,109,10,53,26.81938687,87.8274604,6.5517503060000015,46.06193778,watermelon
1339,80,16,46,25.50405534,81.40297428,6.940236218,48.47833278,watermelon
1340,100,18,52,26.20234499,80.38266489,6.87606733,56.47941847,watermelon
1341,91,7,53,25.13735887,89.28272716,6.457216535,43.52897517,watermelon
1342,86,6,53,25.92030221,83.47202566,6.921847887999999,42.10681516,watermelon
1343,107,5,52,26.6634609,89.98405233,6.8814257460000015,57.40847165,watermelon
1344,103,16,49,24.06731461,81.64075303,6.915717008,51.75212401,watermelon
1345,101,20,48,24.6774157,82.75411437,6.206247493999999,57.05709413,watermelon
1346,85,25,47,26.11440416,87.64081095,6.29542477,58.48160844,watermelon
1347,84,7,51,26.81530456,87.65694462,6.399669044,55.74073582,watermelon
1348,102,28,54,25.15623099,80.27525115,6.862157042000001,55.49541453,watermelon
1349,98,25,52,25.2801372,83.15393658,6.224066378,49.29456609,watermelon
1350,97,25,50,26.22005978,80.90127035,6.093814669,49.08553937,watermelon
1351,90,16,45,24.92093261,80.61750795,6.291540277999999,50.55710813,watermelon
1352,95,12,46,26.21667586,81.01009354,6.32281728,54.65423596,watermelon
1353,82,23,49,26.81383586,87.21986949,6.873283991,51.70497792,watermelon
1354,82,25,51,24.31334971,87.47409052,6.074209622000001,48.11248366,watermelon
1355,110,28,46,24.29105004,88.04541346,6.49889585,51.26046418,watermelon
1356,118,21,51,24.42998931,86.33904774,6.678805092,48.58241822,watermelon
1357,120,20,45,25.66576039,88.6984228,6.114128685,54.22722466,watermelon
1358,91,7,52,25.07803672,83.46230461,6.405054243,56.39962921,watermelon
1359,81,6,55,24.88910524,85.87059083,6.110142735,51.70699144,watermelon
1360,101,13,54,25.42900869,82.91481799,6.828982708,56.34144589,watermelon
1361,101,17,55,24.37118217,87.1269128,6.451499763999999,44.63907691,watermelon
1362,111,6,53,26.493064500000006,88.59143088,6.313512998999999,46.06382209,watermelon
1363,107,10,49,25.83202912,89.00481725,6.755192025,45.24690619,watermelon
1364,115,11,46,24.41592661,89.39655519,6.623167177000001,40.32161859,watermelon
1365,84,25,52,24.37190239,81.2514818,6.12532356,44.20899581,watermelon
1366,120,7,47,24.24782473,83.03687902,6.653867608,54.76576239999999,watermelon
1367,91,12,46,24.64458469,85.49938185,6.343942518,48.31219031,watermelon
1368,89,22,52,24.89681131,86.10782926,6.217300786,53.14626213,watermelon
1369,113,19,46,25.41864024,81.12122989,6.286387658,49.52320689,watermelon
1370,97,22,50,26.26028739,86.14585891,6.769893799999998,58.97878791,watermelon
1371,117,30,50,24.90123934,87.20772913,6.744966312000001,46.59207341,watermelon
1372,90,14,52,24.84740848,89.20454622,6.391858432,59.67927244,watermelon
1373,104,23,47,26.98212846,86.70068316,6.770434148,42.91292205,watermelon
1374,81,16,45,26.90435747,86.25426228,6.727468157000001,59.75980023,watermelon
1375,88,5,47,25.86475496,86.67468041,6.662244646,41.16554802,watermelon
1376,92,7,45,26.70607759,81.14149505,6.944640222,51.51033554,watermelon
1377,81,18,50,26.44019475,80.91934337,6.507110986,47.81847573,watermelon
1378,111,5,55,26.283443,84.42478917,6.520663422,50.78669728,watermelon
1379,108,23,51,26.84366082,83.85039964,6.106500787000001,40.228644,watermelon
1380,113,30,50,26.03967219,83.9862443,6.277484042999999,43.87712348,watermelon
1381,83,10,53,24.92994759,85.00802358,6.195142279,48.75859458,watermelon
1382,101,11,51,25.50736962,84.24340241,6.792035575,44.2068997,watermelon
1383,114,21,55,25.4438391,87.93923120000002,6.472756256,57.51549686,watermelon
1384,99,6,45,26.12588914,86.5507939,6.000975617000001,40.71210074,watermelon
1385,92,20,55,25.10474753,87.52676159999999,6.5877912620000005,59.26519444,watermelon
1386,92,7,48,26.27520631,86.63249555,6.956508826,54.38748495,watermelon
1387,91,24,55,26.27061608,83.09194521,6.259086582999999,46.76837499,watermelon
1388,110,21,54,26.73690828,87.82430156,6.747537642,47.46447019,watermelon
1389,112,25,51,25.04746944,85.5667282,6.932537231,56.72496677,watermelon
1390,89,25,54,24.69368934,85.56967628,6.353107392999999,48.99390828,watermelon
1391,100,10,53,24.54356968,84.60808277,6.211748957,42.00660251,watermelon
1392,83,22,54,25.89762315,81.96664832,6.277245253999999,54.49960057,watermelon
1393,95,14,50,26.6333118,84.31756844,6.560443519,56.31866159,watermelon
1394,119,30,49,25.35794749,80.45846265,6.903020221,47.72078245,watermelon
1395,97,12,47,25.28784623,89.63667876,6.765094963999998,58.28697664,watermelon
1396,110,7,45,26.63838589,84.69546874,6.189213927000001,48.32428609,watermelon
1397,96,18,50,25.3310446,84.30533791,6.904241707000001,41.53218699,watermelon
1398,83,23,55,26.89750174,83.89241484,6.463271076,43.97193745,watermelon
1399,120,24,47,26.98603693,89.4138489,6.260838965,58.54876687,watermelon
1800,18,30,29,26.762749300000007,92.86056895,6.4200187170000005,224.5903664,coconut
1801,37,23,28,25.61294367,94.3138837,5.7400545670000005,224.3206759,coconut
1802,13,28,33,28.130115000000004,95.64807631,5.686972967000001,151.0761899,coconut
1803,2,21,35,25.02887163,91.53720922,6.293662362999999,179.8248944,coconut
1804,10,18,35,27.79797651,99.64573002,6.381975465,181.6942283,coconut
1805,7,11,32,29.25902906,95.11294697,5.542169138999999,184.7624496,coconut
1806,39,5,31,27.10134661,93.69979946,5.551963184,150.9502632,coconut
1807,34,6,27,25.84726298,90.92669463,5.8607404810000014,147.8888994,coconut
1808,31,30,29,26.58580443,90.98617591,5.558807063,178.8116076,coconut
1809,25,7,35,28.38503882,99.18843684,5.55771171,189.67113490000003,coconut
1810,16,18,26,28.43647052,91.81320717,5.568365926,145.54144130000003,coconut
1811,26,10,33,28.27298134,96.93649473,6.07071786,198.8234862,coconut
1812,27,8,32,27.00648436,96.46168931,5.627860548999998,144.3331315,coconut
1813,37,18,30,27.63551259,99.34854917,6.38488418,157.91715369999997,coconut
1814,19,15,34,26.29644905,99.65809151,5.6858890660000005,215.9195049,coconut
1815,0,19,33,27.1326009,95.23797989,6.234458417000001,204.7206567,coconut
1816,31,20,26,25.56567803,97.61361544,6.443168642000001,199.7936345,coconut
1817,9,17,32,25.94951662,93.40548703,5.842317989,172.0540491,coconut
1818,22,11,29,28.03380598,95.01630593,5.955742971,218.0055713,coconut
1819,31,6,26,29.12859129,91.30924833,5.741367375,157.2388553,coconut
1820,34,6,30,27.0828252,97.00155491,5.948342571,171.7575545,coconut
1821,24,6,32,28.11321494,90.01734526,6.387067562,172.48136409999995,coconut
1822,1,8,26,27.5136304,94.18955816,5.562911913,156.6732553,coconut
1823,31,13,33,27.63834933,95.48763389,5.85971872,205.5463111,coconut
1824,10,9,28,29.01256899,94.01014388,6.282955072999999,150.05003119999995,coconut
1825,36,27,26,26.58413917,95.78923137,6.25449571,171.6262299,coconut
1826,38,24,33,28.28905147,97.00396405,5.973853124,142.9403233,coconut
1827,11,6,25,28.69164799,96.65248672,6.081568052000001,178.9635457,coconut
1828,16,14,30,29.70931288,96.30484325,6.37466756,209.84539930000005,coconut
1829,33,14,35,27.14865285,96.66355213,6.027707171,149.2433497,coconut
1830,16,6,29,29.28725038,91.95614918,5.868285082000001,132.1491176,coconut
1831,32,11,31,25.06871967,93.31410447,6.205931637999999,134.84190690000003,coconut
1832,38,14,30,26.92449525,91.20106019,5.5707453860000005,194.9022136,coconut
1833,8,6,33,28.27804288,93.64761266,6.095261012999999,171.9457959,coconut
1834,23,6,33,29.18032562,92.73041222,6.025789594,204.9603677,coconut
1835,29,25,35,28.3575072,91.64509299,5.542873799,160.73069909999995,coconut
1836,24,14,33,29.38072512,93.27565685,6.366219551,218.5241851,coconut
1837,32,12,30,25.39241091,98.08951196,5.579845008,218.080385,coconut
1838,30,25,31,26.31270635,98.62048026,5.804965067,208.1181381,coconut
1839,14,21,35,29.52501367,91.91185319,6.121005506,194.3100272,coconut
1840,27,22,29,28.83214859,92.17170353,6.000248647,145.41723869999996,coconut
1841,40,5,29,28.48444906,97.76865458,5.820978791,160.389421,coconut
1842,17,11,32,28.74013335,93.39676499,5.620733794,156.76508230000005,coconut
1843,30,30,35,25.00872392,95.59224018,6.001936419,165.8092179,coconut
1844,28,10,30,29.8690834,91.14723422,6.305740522000001,192.7678575,coconut
1845,39,7,29,27.54273211,94.59086121,6.362544111,150.2012138,coconut
1846,32,20,35,26.52166434,98.38227669,5.588655387,144.6261698,coconut
1847,7,15,32,25.03512351,95.89739958,6.182232762000001,174.796583,coconut
1848,29,17,29,29.20394909,95.66997327,5.959493188,211.2506267,coconut
1849,34,15,34,27.05826457,91.10510371,5.677282677999999,224.70069530000004,coconut
1850,14,23,25,26.18552389,96.96637916,5.6121227970000005,135.4186222,coconut
1851,18,19,29,27.59376845,92.48519606,6.206077742000001,162.8432736,coconut
1852,7,21,35,25.76011662,94.65830608,5.764812076,131.24514140000002,coconut
1853,24,27,34,28.87862994,95.11320315,6.203376525,145.0583117,coconut
1854,39,29,29,26.50908611,94.48414544,6.143662699,199.8778403,coconut
1855,29,8,28,26.87037587,91.72546257,6.100429497,214.4128874,coconut
1856,10,24,27,27.57283516,94.90485697,5.7084096010000005,145.9298935,coconut
1857,0,29,32,28.05912437,98.3670985,5.868255858,171.65163959999995,coconut
1858,32,11,31,29.51611558,92.56492864,6.461225827000001,131.2116167,coconut
1859,37,10,32,28.96318258,95.16333673,6.165084855,222.803013,coconut
1860,20,29,27,25.09897688,92.36099489,6.047044342,157.7592626,coconut
1861,31,29,35,27.1872282,92.19906776,6.137102505,141.3220576,coconut
1862,17,30,27,29.03065024,90.79093862,5.894027065,205.5720367,coconut
1863,1,12,30,27.754298,95.94643831,5.56222383,131.09000759999998,coconut
1864,6,13,29,27.31155708,99.96906006,5.832608027999999,201.8258633,coconut
1865,15,28,32,28.84270971,99.64328526,6.2185718739999984,224.4016682,coconut
1866,27,24,29,26.61423461,96.97300803,6.142010637,191.006688,coconut
1867,3,23,30,29.70143197,95.65754365,6.078807239,215.1968037,coconut
1868,8,26,26,25.54759871,91.64194826,5.702484758,212.867626,coconut
1869,20,28,26,26.37978453,91.49882979,5.547594847,167.0470997,coconut
1870,26,18,27,27.45907759,92.90736493,5.836075368,142.1430003,coconut
1871,1,6,35,27.02269204,95.71935435,6.231662767,147.16824590000004,coconut
1872,27,30,31,28.98545306,90.73966792,5.718120393,148.8398374,coconut
1873,23,7,34,26.1055118,91.52421214,5.852038202,134.1279669,coconut
1874,0,26,31,25.0707247,95.02156793,5.547933273,192.9036306,coconut
1875,38,6,25,25.54963273,96.92786777,6.156259104,191.2996157,coconut
1876,25,12,26,28.56973521,95.67906668,6.436314406,134.83703480000003,coconut
1877,40,5,32,26.07010807,96.7036223,5.981169595,143.533473,coconut
1878,0,19,31,25.51791333,94.38420565,6.271952832999999,178.7297725,coconut
1879,26,9,32,25.9490364,94.73860514,6.470465614,144.15711090000005,coconut
1880,35,30,34,28.2974764,95.41122824,6.141502001,182.4482352,coconut
1881,19,30,30,29.56549169,91.40896307,5.826381164,224.83157290000003,coconut
1882,31,13,33,29.69952329,95.21224392,6.342463714,148.30036919999995,coconut
1883,17,29,26,26.14162144,93.28415295,6.071897347,195.4115025,coconut
1884,2,30,30,26.00175125,94.79998418,6.331051715,209.540094,coconut
1885,30,13,25,27.15116142,91.48889469,6.413184638,164.9182225,coconut
1886,8,15,33,28.97318719,98.09861043,5.50158009,213.9011021,coconut
1887,18,12,35,26.13958446,96.38580769,6.338720873,131.3387935,coconut
1888,8,28,30,25.51618488,94.33465411,6.015672239,135.1272491,coconut
1889,40,22,29,27.55821802,99.98187601,5.735364307,174.62564809999995,coconut
1890,27,10,33,27.81132822,97.48410555,6.465906333,154.06212209999995,coconut
1891,21,20,31,25.60033702,99.7240104,5.855457599,165.82487319999996,coconut
1892,3,9,35,26.91641934,99.84671638,6.318552972999999,225.6323656,coconut
1893,22,16,27,29.1797902,90.27214288,6.006784979,188.9252083,coconut
1894,27,8,30,26.44600063,98.29937782,6.008386282999999,221.2258168,coconut
1895,22,8,33,28.43572863,95.8840407,5.665785202,203.9283708,coconut
1896,28,27,32,28.94099669,93.00109012,5.764615485,191.7723087,coconut
1897,23,21,26,26.45488737,93.45042636,5.901495543999999,149.2220255,coconut
1898,37,5,34,25.79490531,93.84150618,5.779032666,152.42387119999995,coconut
1899,19,26,29,26.93141945,98.80313612,5.67154928,166.5712879,coconut
2100,91,21,26,26.33377983,57.36469955,7.261313694,191.6549412,coffee
2101,107,21,26,26.45288458,55.32222678,7.235070264,144.68613359999995,coffee
2102,83,38,35,25.70822684,52.88667115,7.18915558,136.73250919999998,coffee
2103,108,24,31,24.12832546,56.18107663,6.431899747999999,147.27578180000003,coffee
2104,116,28,34,23.44372334,60.39523266,6.42321105,122.2103248,coffee
2105,116,23,25,23.4123707,52.26994674,6.869720196,139.3670753,coffee
2106,109,31,27,23.05951896,50.40609436,6.973839707000001,164.4971875,coffee
2107,89,25,34,23.07895447,63.65861483,7.184801627000001,129.8765443,coffee
2108,118,18,32,27.6496114,51.11044023,6.351823783,122.8392822,coffee
2109,111,32,34,25.46743689,69.35161206,6.392048018,171.37644619999998,coffee
2110,84,36,28,26.7350622,55.55164819,6.119892347,140.63052130000003,coffee
2111,85,33,25,26.20811417,52.50987966,6.910823945,189.0944824,coffee
2112,99,15,27,27.0424167,57.27927475,6.501157208,165.6872119,coffee
2113,81,30,31,24.65090184,51.93952357,7.027585558999999,135.1386537,coffee
2114,95,39,29,27.35152643,55.99375012,7.13411409,148.98125249999995,coffee
2115,81,34,30,25.17787724,62.26244581,6.6477659970000005,135.0119649,coffee
2116,80,15,28,23.11438731,68.00096043,6.703270635,161.8944624,coffee
2117,104,20,26,27.22783677,52.95261751,7.493191968,175.7260273,coffee
2118,109,29,28,23.26316991,60.51600210000001,6.724688502999999,194.1755471,coffee
2119,100,32,26,25.234661,57.53161469,6.043485685,124.2261737,coffee
2120,100,24,28,25.59535262,57.72920846,7.101661011,195.7733251,coffee
2121,83,21,28,25.5674832,60.49244602,7.466900682999999,190.2257843,coffee
2122,120,23,28,25.67324193,51.29043632,6.877799264,196.2736367,coffee
2123,104,26,30,24.40726724,62.65692638,6.410992833,148.6977358,coffee
2124,108,33,31,23.69287069,66.76090123,7.393825704,144.6576424,coffee
2125,91,25,26,24.53460016,66.99765375,7.482414225,180.5059257,coffee
2126,86,26,27,27.13140403,52.89368299,6.081172981,192.4280381,coffee
2127,98,18,27,27.56088634,68.49299897,6.516312148,167.43580749999995,coffee
2128,111,27,31,23.59302313,55.27564977,6.0433309510000015,191.3980675,coffee
2129,84,39,35,23.17714381,52.13864034,6.959404135,117.3113562,coffee
2130,98,27,27,24.71384065,51.29142534,7.238109556,197.6439711,coffee
2131,118,21,34,24.38534644,64.72543073,7.234258375,119.6324109,coffee
2132,103,27,31,27.15998538,51.59100753,6.691541233,126.1752206,coffee
2133,82,24,33,26.53543168,67.09608099,6.809593554,120.6494434,coffee
2134,86,31,35,27.01207284,60.76645256,6.485761419,191.4508931,coffee
2135,88,35,35,27.55906475,58.45742907,6.784460602,117.9389993,coffee
2136,84,27,29,23.32293161,53.00366334,7.167092586,168.26442869999997,coffee
2137,120,40,33,24.23850608,54.30329632,6.73410539,115.1564012,coffee
2138,106,40,30,23.42611644,64.10651528,6.779984384,122.6847408,coffee
2139,113,21,33,26.02241444,55.83288958,7.277422737999999,176.90209240000004,coffee
2140,117,34,25,24.83846178,56.7685316,7.21270048,124.4135035,coffee
2141,80,30,25,26.24092174,65.64381357,7.487266991,148.37712019999995,coffee
2142,88,21,27,24.43011925,66.02411187,7.231166546,181.6368274,coffee
2143,113,33,34,26.00373964,62.144510200000006,6.559817161000002,153.477776,coffee
2144,87,23,28,26.22367404,62.26594559,6.979590627,193.7461968,coffee
2145,113,15,29,27.09617155,63.55324262,6.779230041,190.2440566,coffee
2146,98,29,30,25.64004392,61.03273481,6.217974349,199.4735636,coffee
2147,97,29,27,27.74576987,54.36976075,7.205078785,139.8619431,coffee
2148,85,35,32,26.24928198,54.28617819,6.854011265,133.1120232,coffee
2149,82,29,35,26.67377159,52.24226285,6.246872394,156.15438980000005,coffee
2150,103,33,25,27.10210397,55.74973320000001,6.911066044,139.5013171,coffee
2151,112,17,28,27.62975458,61.26002598,6.777417989,196.6492664,coffee
2152,99,19,33,27.536454700000004,55.51673151,6.273741983,130.6377143,coffee
2153,120,20,34,23.56960509,50.56339727,6.906124587000001,130.3797119,coffee
2154,114,27,28,24.99451759,57.93250202,7.162802357,192.8736822,coffee
2155,100,40,35,27.56441788,54.41094079,6.9557873510000015,177.816092,coffee
2156,108,35,25,23.98143338,61.10935084,6.971963169,161.5279095,coffee
2157,115,31,30,24.22984659,67.37768353,6.840927967000001,122.4073418,coffee
2158,87,28,30,25.60153969,68.66257977,6.536676653,168.8383605,coffee
2159,82,24,26,24.31274458,53.57285558,6.089443602999999,184.4103931,coffee
2160,94,26,27,26.36629861,52.25738495,7.456460375,177.31761609999995,coffee
2161,87,28,35,26.5602777,57.1621814,6.759211911,152.0616227,coffee
2162,118,40,35,26.35034208,58.50650238,7.460174812000001,121.5586297,coffee
2163,87,38,29,25.20406808,57.88370456,6.652642579,156.1457255,coffee
2164,92,40,30,23.35723208,55.18792166,6.026287448,171.6976946,coffee
2165,97,22,26,23.60567546,59.68849145,6.074190142000001,185.1568059,coffee
2166,99,40,32,24.18471151,69.94807345,7.0455430560000005,163.27087319999995,coffee
2167,89,28,33,26.44414097,53.83876189,6.9932360010000005,175.3723314,coffee
2168,112,39,29,26.12492233,63.37479229,6.726528895,147.8035305,coffee
2169,111,28,26,27.77363343,64.47858698,6.937352845,192.7121236,coffee
2170,114,20,26,25.55656667,62.67087838,7.27905689,193.5866233,coffee
2171,117,26,30,27.92374437,67.96910852,7.079850922,115.2325531,coffee
2172,111,29,31,26.05968403,52.31098539,6.136286518,161.3432535,coffee
2173,119,30,28,26.35770906,64.57578034,6.5052036960000015,163.62694960000005,coffee
2174,116,40,33,24.91370487,54.15319242,7.042089492000001,129.5481144,coffee
2175,95,37,35,27.31317116,68.42333909999999,6.348337518999998,192.4288139,coffee
2176,86,40,33,26.1387869,52.26311691,7.432322234,136.3027766,coffee
2177,117,37,32,23.1069385,67.06230539,6.787658922,162.57696059999995,coffee
2178,105,18,35,23.52648086,68.44030686,6.743417121,171.8839938,coffee
2179,109,23,25,25.11711046,68.48030408,7.00733163,194.8773479,coffee
2180,80,18,31,24.02952505,58.84880599,7.303033217,134.6803969,coffee
2181,101,31,26,26.70897548,69.71184111,6.861235184,158.86088869999998,coffee
2182,103,33,33,26.71717393,50.50148528,7.131435858,126.8073984,coffee
2183,93,26,27,24.59245684,56.46829641,7.288211994,137.70440469999997,coffee
2184,104,35,28,27.51006055,50.66687215,6.983732393,143.9955548,coffee
2185,116,36,25,27.57847581,58.52534263,6.172090205,156.6810374,coffee
2186,107,38,29,26.65069302,57.56695719,6.35118177,145.105065,coffee
2187,101,33,33,26.97251562,62.0183627,6.908671378999999,142.8610793,coffee
2188,107,31,31,23.17124551,52.97841162,6.766184468,153.12016440000005,coffee
2189,99,16,30,23.52652084,65.44340921,6.392791654,186.1728203,coffee
2190,103,40,30,27.30901814,55.196224,6.3483162570000005,141.48316440000005,coffee
2191,118,31,34,27.54823036,62.88179198,6.123796057000001,181.4170812,coffee
2192,106,21,35,25.627355,57.04151119,7.4285236339999985,188.5506536,coffee
2193,116,38,34,23.29250318,50.04557009,6.020947179,183.468585,coffee
2194,97,35,26,24.91461008,53.74144743,6.334610249,166.2549307,coffee
2195,107,34,32,26.77463708,66.4132686,6.78006386,177.7745075,coffee
2196,99,15,27,27.41711238,56.63636248,6.086922359,127.92461000000002,coffee
2197,118,33,30,24.13179691,67.22512329,6.362607851,173.32283859999995,coffee
2198,117,32,34,26.2724184,52.12739421,6.758792552,127.1752928,coffee
2199,104,18,30,23.60301571,60.39647474,6.779832611000002,140.9370415,coffee
